year,7,8,9
2025,-0.010979199999999967,-0.0036647358680422792,-0.006900269465189068
